,SPY,QQQ,GLD,TLT
SPY,1.0,0.9347537825201531,0.2883935808715918,0.1787258152221652
QQQ,0.9347537825201531,1.0,0.2863470450290616,0.1368892145074903
GLD,0.2883935808715918,0.2863470450290616,1.0,0.1066637285760461
TLT,0.1787258152221652,0.1368892145074903,0.1066637285760461,1.0
