Portfolio,Total Return,Annualized Volatility,Max Drawdown
Without GLD,0.18517677780981456,0.11524397674338006,-0.07755102800234215
With GLD,0.20357923476312978,0.12059366781380043,-0.09129862873702532
