ETF,Downside Capture Ratio
SPY,1.0
QQQ,1.2995027264325842
GLD,0.10656274706592143
TLT,0.19226598316579133
