ETF,Downside Capture Ratio
SPY,1.0
QQQ,1.3810282296415286
GLD,0.7209119788262439
TLT,0.16305152717962282
