ETF,Downside Capture Ratio
SPY,1.0
QQQ,1.3016635330575617
GLD,0.11263807855821299
TLT,0.19333010601882178
