Regime,Portfolio,Number of Days,Avg Daily Return,Daily Volatility,Total Return,Max Drawdown
Normal Days,Without GLD,200,0.0008751155555166984,0.004254644487873961,0.18904231198320964,-0.026685629137511047
Normal Days,With GLD,200,0.0008114852642305784,0.004640794406966121,0.17361388866225558,-0.0278646206763965
Stress Days,Without GLD,25,-0.013108422566865317,0.0043513363562913375,-0.2811563713493883,-0.2732120894781809
Stress Days,With GLD,25,-0.011978469514624666,0.005536615205228146,-0.2604013913444221,-0.2563655697413423
Strong Days,Without GLD,25,0.013168062818058773,0.00411853490546996,0.38660064013588036,0.0
Strong Days,With GLD,25,0.01286577682300194,0.005085083477633149,0.3761515666761255,0.0
