Regime,SPY,QQQ,GLD,TLT,Number of Days
Stress Days,-0.0200107957313471,-0.025442899418206582,-0.0021729932810683503,-0.0011847771117099019,114
Normal Days,0.0006457597307993983,0.0008658721616303917,0.0007950604726979746,-0.0006296386672796283,903
Strong Days,0.0194829915767185,0.024821194373558956,0.0036833939453079223,0.001974899379586066,114
