Regime,SPY,QQQ,GLD,TLT,Number of Days
Stress Days,-0.0200107957313471,-0.025442899418206582,-0.0021729932810683503,-0.0011847771117099019,114
Normal Days,0.0006452545625272676,0.0008659266004439447,0.0007954153530659637,-0.0006284506475068185,903
Strong Days,0.0194829915767185,0.024821194373558956,0.0036833939453079223,0.001974899379586066,114
