Regime,Delta Avg Daily Return,Delta Daily Volatility,Delta Total Return,Delta Max Drawdown
Stress Days,0.0026756703675418145,-0.0004316426701123158,0.04942933688066087,0.04990769574619447
Normal Days,2.2524118580804467e-05,-0.0003216576252199335,0.03234361303807365,0.02615581897564223
Strong Days,-0.002369939644711584,-0.0005344310009675144,-1.5954598109637166,0.0
