,SPY,QQQ,GLD,TLT
SPY,1.0,0.9517419879259715,0.1519885854814286,0.10746461239956083
QQQ,0.9517419879259715,1.0,0.14546006019506807,0.09387500877617837
GLD,0.1519885854814286,0.14546006019506807,1.0,0.20584568621253996
TLT,0.10746461239956083,0.09387500877617837,0.20584568621253996,1.0
