Portfolio,Total Return,Annualized Volatility,Max Drawdown
Without GLD,0.35614450930582664,0.15754366077638643,-0.27785142429984333
With GLD,0.5185339592374176,0.14585191429440192,-0.25288238035051114
