Metric,Value,Score
Average GLD-Equity Rolling Correlation,0.6006709859682009,39.93290140317991
GLD / SPY Rolling Volatility Ratio,1.7632537394684005,46.57223823721197
GLD Stress Return Minus SPY Stress Return,0.007533020348271,65.066040696542
GLD % Risk Contribution,0.31170000000000003,70.0
Final Gold Diversification Score,53.88944015439247,53.88944015439247
