Metric,Value,Score
Average GLD-Equity Rolling Correlation,0.6188754063382658,38.112459366173425
GLD / SPY Rolling Volatility Ratio,1.7875438269915989,44.87193211058808
GLD Stress Return Minus SPY Stress Return,0.0178378024502788,85.6756049005576
GLD % Risk Contribution,0.1226,90.0
Final Gold Diversification Score,62.07062206263845,62.07062206263845
