GLD Weight,SPY Weight,QQQ Weight,TLT Weight,Total Return,Annualized Volatility,Max Drawdown
0.0,0.6000000000000001,0.2,0.2,0.18517677780981479,0.11524397674338006,-0.07755102800234215
0.05,0.55,0.2,0.2,0.1884940162230404,0.1140024826161409,-0.08066989904092825
0.1,0.5000000000000001,0.2,0.2,0.191603703319001,0.11435696061934145,-0.08385438544729262
0.15,0.45000000000000007,0.2,0.2,0.19450396239493362,0.11629281737914432,-0.08710388722874329
0.2,0.4000000000000001,0.2,0.2,0.19719301583793825,0.11973337395354615,-0.09041779392647065
0.25,0.3500000000000001,0.2,0.2,0.19966918671325962,0.12455399967506363,-0.093795484771788
