GLD Weight,Portfolio Volatility,SPY Risk Contribution,QQQ Risk Contribution,GLD Risk Contribution,TLT Risk Contribution
0.0,0.15754366077638643,0.6552003358501685,0.28391898164291385,0.0,0.06088068250691762
0.05,0.15101957736757024,0.6222450364917328,0.2945749602529326,0.015537190953744836,0.06764281230158957
0.1,0.1451788045852946,0.5812517380844406,0.3031671987124074,0.04088366049721533,0.07469740270593683
0.15,0.14010682605937513,0.5318686006941588,0.30877834936871806,0.07753645372081817,0.08181659621630503
0.2,0.13588975300268247,0.47439436443423755,0.3104495958941957,0.12646784968781524,0.0886881899837517
0.25,0.13260917045555076,0.4099979203790279,0.3073179309415743,0.18775295922549576,0.09493118945390218
