GLD Weight,Portfolio Volatility,SPY Risk Contribution,QQQ Risk Contribution,GLD Risk Contribution,TLT Risk Contribution
0.0,0.11524397674338004,0.6424702408421659,0.3034839779365563,0.0,0.05404578122127793
0.05,0.11400248261614088,0.5897491174516829,0.3047947081746621,0.04969598796690964,0.055760186406745176
0.1,0.1143569606193414,0.5219042080579285,0.29760590632308,0.1245472629017716,0.055942622717219864
0.15,0.11629281737914429,0.4447086623523393,0.2826531385410119,0.21803239387824194,0.054605805228406724
0.2,0.11973337395354613,0.3649414127926367,0.2618056878885417,0.32125894870039284,0.05199395061842864
0.25,0.1245539996750636,0.2886450842384526,0.2374629370092285,0.4254000621246675,0.048491916627651475
