ETF,Role Tag,Research Priority,Momentum Flag,Risk Flag,1M Return,3M Return,Annualized Volatility,3M Max Drawdown,Momentum Score,Risk Score,Drawdown Score,Role Score,Final ETF Score,ETF Stance
SPY,Core Equity Sleeve,Low,Strong,Defensive,0.0106433960423266,0.1026464307421946,0.1381495760291874,-0.044946501730241,82.39043862900738,72.37008479416252,77.52674913487951,60,74.43452454566912,Constructive
QQQ,Growth / Sector Sleeve,Medium,Strong,Normal,0.0090488822297456,0.1738190217920543,0.2413246208044492,-0.0703200018650178,100.0,51.73507583911016,64.8399990674911,65,73.90176877327576,Constructive
XLK,Growth / Sector Sleeve,Medium,Strong,High Risk,0.0061008919917258,0.2802596567919435,0.3253590492321909,-0.1088744316638222,100.0,34.92819015356183,45.5627841680889,65,65.84460437200823,Neutral
TLT,Rate-Sensitive Defensive Sleeve,Medium,Weak,Defensive,-0.0082294494278581,-0.0294523425278716,0.0914914983560617,-0.0480449774726836,39.92987982745981,81.70170032878767,75.9775112636582,55,60.59638527453949,Neutral
GLD,Defensive Diversification Sleeve,High,Weak,High Risk,-0.0549918699888292,-0.1382643010633217,0.2378667221683612,-0.1794227357705878,0.27192918267911637,52.42665556632776,10.288632114706104,70,29.25956552846085,Defensive
