ETF,Role Tag,Research Priority,Momentum Flag,Risk Flag,1M Return,3M Return,Annualized Volatility,3M Max Drawdown,Momentum Score,Risk Score,Drawdown Score,Role Score,Final ETF Score,ETF Stance
SPY,Core Equity Sleeve,Low,Strong,Defensive,0.0168962578995952,0.105602288044188,0.1303697064094942,-0.0449465017302412,84.21512509819568,73.92605871810116,77.5267491348794,60,75.46215829086967,Constructive
QQQ,Growth / Sector Sleeve,Medium,Strong,Normal,0.0100688785997313,0.1853357583752419,0.2368375541711838,-0.0703200018650176,100.0,52.63248916576324,64.83999906749119,65,74.12612210493904,Constructive
XLK,Growth / Sector Sleeve,Medium,Strong,High Risk,0.0063525544264406,0.3046385341596225,0.322833550793292,-0.1088744316638224,100.0,35.433289841341605,45.562784168088804,65,65.97087929395316,Neutral
TLT,Rate-Sensitive Defensive Sleeve,Medium,Weak,Defensive,-0.0015363374922338,-0.0254901864159461,0.0912804404102076,-0.0480449774726836,42.122493451381104,81.74391191795848,75.9775112636582,55,61.37435294020465,Neutral
GLD,Defensive Diversification Sleeve,High,Weak,High Risk,-0.0480529535726736,-0.1363979139248338,0.2385072646574902,-0.1794227357705882,1.8726827866488236,52.29854706850196,10.288632114705905,70,29.78780216539376,Defensive
