ETF,Role Tag,Research Priority,Momentum Flag,Risk Flag,1M Return,3M Return,Annualized Volatility,3M Max Drawdown,Momentum Score,Risk Score,Drawdown Score,Role Score,Final ETF Score,ETF Stance
SPY,Core Equity Sleeve,Low,Strong,Defensive,0.0327254048964931,0.0919253892559262,0.1314781682792801,-0.0449465017302411,82.48642751125183,73.70436634414398,77.52674913487945,60,74.80169104195002,Constructive
QQQ,Growth / Sector Sleeve,Medium,Strong,Normal,0.0260202507307913,0.1528207022260694,0.2406968729649467,-0.0703200018650175,99.7492482774395,51.86062540701066,64.83999906749125,65,73.84539306235474,Constructive
XLK,Growth / Sector Sleeve,Medium,Strong,High Risk,0.0263261833660111,0.2449694253102661,0.3279046684260999,-0.1088744316638222,100.0,34.419066314780025,45.5627841680889,65,65.7173234123128,Neutral
TLT,Rate-Sensitive Defensive Sleeve,Medium,Weak,Defensive,-0.0107209715146191,-0.0320460954385807,0.0917634990989953,-0.0480449774726836,38.77802564123293,81.64730018020094,75.9775112636582,55,60.1796362722134,Neutral
GLD,Defensive Diversification Sleeve,High,Weak,High Risk,-0.0198888941121146,-0.1567208350892718,0.2424394628114894,-0.1794227357705879,0.00041535640127676743,51.51210743770212,10.288632114706047,70,28.935898657107188,Defensive
